Category,Task,Owner,Due Date,Acceptance Criteria
Product & UX,Create role playbooks per module,UX Lead,2025-08-11,"Create role playbooks per module documented, reviewed, and approved by UX Lead"
Product & UX,"Design empty-state, error, and escalation flows",UX Lead,2025-08-13,"Design empty-state, error, and escalation flows documented, reviewed, and approved by UX Lead"
Product & UX,Implement accessibility baseline (WCAG 2.2 AA),UX Lead,2025-08-15,"Implement accessibility baseline (WCAG 2.2 AA) documented, reviewed, and approved by UX Lead"
Product & UX,"Define localization plan (UAE first, multi-currency, RTL)",UX Lead,2025-08-17,"Define localization plan (UAE first, multi-currency, RTL) documented, reviewed, and approved by UX Lead"
Data & Architecture,Document canonical data model v1,Lead Architect,2025-08-19,"Document canonical data model v1 documented, reviewed, and approved by Lead Architect"
Data & Architecture,Define event schema for audit/telemetry,Lead Architect,2025-08-21,"Define event schema for audit/telemetry documented, reviewed, and approved by Lead Architect"
Data & Architecture,Set performance SLOs and load model,Lead Architect,2025-08-23,"Set performance SLOs and load model documented, reviewed, and approved by Lead Architect"
Data & Architecture,Create cost model per tenant,Lead Architect,2025-08-25,"Create cost model per tenant documented, reviewed, and approved by Lead Architect"
Security & Risk,Build threat model (STRIDE) per module,Security Officer,2025-08-27,"Build threat model (STRIDE) per module documented, reviewed, and approved by Security Officer"
Security & Risk,Draft incident response runbooks,Security Officer,2025-08-29,"Draft incident response runbooks documented, reviewed, and approved by Security Officer"
Security & Risk,Create data classification + retention matrix,Security Officer,2025-08-31,"Create data classification + retention matrix documented, reviewed, and approved by Security Officer"
Security & Risk,Perform DPIA for personal data,Security Officer,2025-09-02,"Perform DPIA for personal data documented, reviewed, and approved by Security Officer"
Quality & Delivery,Develop validation rules library,QA Lead,2025-09-04,"Develop validation rules library documented, reviewed, and approved by QA Lead"
Quality & Delivery,"Define test strategy (unit, contract, e2e)",QA Lead,2025-09-06,"Define test strategy (unit, contract, e2e) documented, reviewed, and approved by QA Lead"
Quality & Delivery,Prepare staging data sets and anonymization,QA Lead,2025-09-08,"Prepare staging data sets and anonymization documented, reviewed, and approved by QA Lead"
Quality & Delivery,Plan release management process,QA Lead,2025-09-10,"Plan release management process documented, reviewed, and approved by QA Lead"
Compliance Ops,Assign clause-to-evidence mapping owners,Compliance Manager,2025-09-12,"Assign clause-to-evidence mapping owners documented, reviewed, and approved by Compliance Manager"
Compliance Ops,Set supplier due diligence process,Compliance Manager,2025-09-14,"Set supplier due diligence process documented, reviewed, and approved by Compliance Manager"
Compliance Ops,Create legal archiving jurisdiction matrix,Compliance Manager,2025-09-16,"Create legal archiving jurisdiction matrix documented, reviewed, and approved by Compliance Manager"
Integrations,Define API governance rules,Integration Lead,2025-09-18,"Define API governance rules documented, reviewed, and approved by Integration Lead"
Integrations,Implement webhooks and idempotency guidelines,Integration Lead,2025-09-20,"Implement webhooks and idempotency guidelines documented, reviewed, and approved by Integration Lead"
Integrations,Prepare ATA Spec 2000/2200 conformance tests,Integration Lead,2025-09-22,"Prepare ATA Spec 2000/2200 conformance tests documented, reviewed, and approved by Integration Lead"
Commercial,Define packaging and pricing tiers,Business Development Manager,2025-09-24,"Define packaging and pricing tiers documented, reviewed, and approved by Business Development Manager"
Commercial,Set SLAs and DPAs,Business Development Manager,2025-09-26,"Set SLAs and DPAs documented, reviewed, and approved by Business Development Manager"
Commercial,Prepare branding assets and approved claims list,Business Development Manager,2025-09-28,"Prepare branding assets and approved claims list documented, reviewed, and approved by Business Development Manager"
People & Process,Develop admin training curriculum,Training & Ops Manager,2025-09-30,"Develop admin training curriculum documented, reviewed, and approved by Training & Ops Manager"
People & Process,Create change management comms templates,Training & Ops Manager,2025-10-02,"Create change management comms templates documented, reviewed, and approved by Training & Ops Manager"
People & Process,Write support playbooks and KB articles,Training & Ops Manager,2025-10-04,"Write support playbooks and KB articles documented, reviewed, and approved by Training & Ops Manager"
